日期,收盘,开盘,高,低,涨跌幅
2019/12/13,3.203,3.25,3.25,3.195,0.28%
2019/12/12,3.194,3.21,3.228,3.194,-0.44%
2019/12/11,3.208,3.257,3.257,3.193,-0.47%
2019/12/10,3.223,3.271,3.271,3.201,0.47%
2019/12/9,3.208,3.26,3.26,3.208,-0.12%
2019/12/6,3.212,3.239,3.239,3.197,0.16%
2019/12/5,3.207,3.254,3.254,3.2,0.28%
2019/12/4,3.198,3.23,3.235,3.18,-1.39%
2019/12/3,3.243,3.249,3.256,3.226,0.84%
2019/12/2,3.216,3.215,3.222,3.2,0.75%
2019/11/29,3.192,3.237,3.237,3.176,-0.28%
2019/11/28,3.201,3.209,3.217,3.193,-0.16%
2019/11/27,3.206,3.186,3.224,3.176,-0.06%
2019/11/26,3.208,3.209,3.229,3.202,0.12%
2019/11/25,3.204,3.22,3.25,3.182,0.50%
2019/11/22,3.188,3.18,3.209,3.18,0.47%
2019/11/21,3.173,3.194,3.202,3.163,-0.81%
2019/11/20,3.199,3.236,3.253,3.194,-0.99%
2019/11/19,3.231,3.223,3.238,3.212,0.25%
2019/11/18,3.223,3.26,3.282,3.198,-1.23%
2019/11/15,3.263,3.299,3.299,3.245,-0.06%
2019/11/14,3.265,3.268,3.278,3.25,0.12%
2019/11/13,3.261,3.304,3.304,3.255,0.12%
2019/11/12,3.257,3.235,3.263,3.229,0.09%
2019/11/11,3.254,3.34,3.34,3.254,-1.09%
2019/11/8,3.29,3.287,3.316,3.287,0.37%
2019/11/7,3.278,3.3,3.3,3.267,0.28%
2019/11/6,3.269,3.325,3.325,3.259,-0.43%
2019/11/5,3.283,3.314,3.331,3.26,-0.48%
2019/11/4,3.299,3.3,3.318,3.288,0.49%
2019/11/1,3.283,3.343,3.343,3.281,0.06%
2019/10/31,3.281,3.378,3.378,3.28,-1.32%
2019/10/30,3.325,3.323,3.336,3.318,0.24%
2019/10/29,3.317,3.315,3.323,3.285,0.91%
2019/10/28,3.287,3.25,3.295,3.25,0.98%
2019/10/25,3.255,3.244,3.259,3.239,0.65%
2019/10/24,3.234,3.242,3.262,3.233,0.00%
2019/10/23,3.234,3.243,3.248,3.221,0.03%
2019/10/22,3.233,3.22,3.243,3.22,0.56%
2019/10/21,3.215,3.25,3.25,3.198,0.69%
2019/10/18,3.193,3.195,3.201,3.17,0.13%
2019/10/17,3.189,3.201,3.201,3.187,0.00%
2019/10/16,3.189,3.185,3.194,3.179,0.25%
2019/10/15,3.181,3.213,3.213,3.178,-0.41%
2019/10/14,3.194,3.2,3.208,3.184,0.66%
2019/10/12,3.173,3.199,3.199,3.172,0.32%
2019/10/11,3.163,3.17,3.17,3.161,0.70%
2019/10/10,3.141,3.156,3.156,3.136,0.71%
2019/10/9,3.119,3.181,3.181,3.115,-0.64%
2019/10/8,3.139,3.19,3.208,3.128,-0.51%
2019/9/30,3.155,3.18,3.18,3.155,-0.25%
2019/9/29,3.163,3.215,3.215,3.163,0.16%
2019/9/27,3.158,3.158,3.16,3.145,0.41%
2019/9/26,3.145,3.144,3.149,3.126,0.13%
2019/9/25,3.141,3.127,3.143,3.122,0.45%
2019/9/24,3.127,3.112,3.131,3.107,0.48%
2019/9/23,3.112,3.13,3.131,3.098,-0.19%
2019/9/21,3.118,3.118,3.118,3.118,0.00%
2019/9/20,3.118,3.165,3.165,3.114,-0.61%
2019/9/19,3.137,3.17,3.17,3.115,0.03%
2019/9/18,3.136,3.14,3.146,3.108,0.61%
2019/9/17,3.117,3.132,3.132,3.099,0.29%
2019/9/16,3.108,3.12,3.14,3.093,0.45%
2019/9/12,3.094,3.068,3.096,3.068,1.11%
2019/9/11,3.06,3.063,3.078,3.045,0.26%
2019/9/10,3.052,3.045,3.064,3.041,0.49%
2019/9/9,3.037,3.085,3.085,3.034,0.46%
2019/9/6,3.023,3.075,3.075,3.015,-0.79%
2019/9/5,3.047,3.078,3.078,3.047,-1.10%
2019/9/4,3.081,3.088,3.108,3.08,0.13%
2019/9/3,3.077,3.102,3.102,3.077,-0.03%
2019/9/2,3.078,3.08,3.082,3.066,0.33%
2019/8/30,3.068,3.058,3.075,3.057,0.62%
2019/8/29,3.049,3.078,3.085,3.047,-0.68%
2019/8/28,3.07,3.075,3.08,3.066,-0.16%
2019/8/27,3.075,3.086,3.086,3.068,-0.19%
2019/8/26,3.081,3.035,3.082,3.028,0.36%
2019/8/23,3.07,3.086,3.099,3.063,-0.23%
2019/8/22,3.077,3.068,3.083,3.068,0.49%
2019/8/21,3.062,3.048,3.065,3.048,0.79%
2019/8/20,3.038,3.041,3.051,3.038,-0.10%
2019/8/19,3.041,3.062,3.062,3.035,0.36%
2019/8/16,3.03,3.035,3.047,3.022,0.10%
2019/8/15,3.027,3.028,3.035,3.015,-0.03%
2019/8/14,3.028,3.034,3.041,3.024,0.17%
2019/8/13,3.023,3.05,3.055,3.02,-0.79%
2019/8/12,3.047,3.09,3.09,3.045,0.26%
2019/8/9,3.039,3.051,3.075,3.019,-0.39%
2019/8/8,3.051,3.105,3.105,3.048,-0.72%
2019/8/7,3.073,3.083,3.113,3.07,-0.16%
2019/8/6,3.078,3.073,3.088,3.051,0.39%
2019/8/5,3.066,3.16,3.16,3.058,-1.10%
2019/8/3,3.1,3.149,3.149,3.1,-1.24%
2019/8/2,3.139,3.177,3.177,3.128,-0.92%
2019/8/1,3.168,3.192,3.194,3.168,-0.47%
2019/7/31,3.183,3.199,3.2,3.165,-0.41%
2019/7/30,3.196,3.203,3.22,3.193,-0.28%
2019/7/29,3.205,3.2,3.205,3.178,0.94%
2019/7/26,3.175,3.194,3.196,3.175,-0.22%
2019/7/25,3.182,3.187,3.206,3.169,0.13%
2019/7/24,3.178,3.174,3.187,3.171,0.51%
2019/7/23,3.162,3.165,3.18,3.14,0.16%
2019/7/22,3.157,3.183,3.183,3.157,-0.50%
2019/7/19,3.173,3.221,3.221,3.173,-0.56%
2019/7/18,3.191,3.198,3.211,3.191,-0.09%
2019/7/17,3.194,3.198,3.213,3.192,0.19%
2019/7/16,3.188,3.189,3.203,3.187,0.03%
2019/7/15,3.187,3.25,3.25,3.155,-0.06%
2019/7/12,3.189,3.192,3.21,3.189,0.35%
2019/7/11,3.178,3.188,3.203,3.155,-0.28%
2019/7/10,3.187,3.22,3.228,3.186,-0.16%
2019/7/9,3.192,3.205,3.24,3.192,-0.09%
2019/7/8,3.195,3.2,3.2,3.189,0.22%
2019/7/5,3.188,3.179,3.189,3.175,0.38%
2019/7/4,3.176,3.208,3.208,3.174,-0.53%
2019/7/3,3.193,3.238,3.238,3.178,-1.11%
2019/7/2,3.229,3.262,3.268,3.229,-1.01%
2019/7/1,3.262,3.315,3.315,3.248,-0.52%
2019/6/28,3.279,3.285,3.298,3.278,-0.09%
2019/6/27,3.282,3.28,3.282,3.273,0.12%
2019/6/26,3.278,3.271,3.278,3.265,0.21%
2019/6/25,3.271,3.266,3.271,3.263,0.15%
2019/6/24,3.266,3.26,3.267,3.255,0.49%
2019/6/21,3.25,3.27,3.278,3.245,-0.82%
2019/6/20,3.277,3.27,3.277,3.25,0.68%
2019/6/19,3.255,3.27,3.27,3.253,-0.12%
2019/6/18,3.259,3.276,3.276,3.259,-0.24%
2019/6/17,3.267,3.27,3.27,3.25,-0.37%
2019/6/14,3.279,3.306,3.306,3.278,-0.33%
2019/6/13,3.29,3.319,3.319,3.287,-0.36%
2019/6/12,3.302,3.296,3.317,3.293,0.49%
2019/6/11,3.286,3.29,3.293,3.27,0.40%
2019/6/10,3.273,3.26,3.273,3.255,0.31%
2019/6/6,3.263,3.258,3.265,3.247,0.49%
2019/6/5,3.247,3.271,3.271,3.243,-0.37%
2019/6/4,3.259,3.291,3.296,3.257,-0.88%
2019/6/3,3.288,3.32,3.324,3.287,-0.27%
2019/5/31,3.297,3.332,3.347,3.294,-0.78%
2019/5/30,3.323,3.333,3.341,3.31,-0.15%
2019/5/29,3.328,3.381,3.381,3.319,-0.89%
2019/5/28,3.358,3.368,3.368,3.348,0.24%
2019/5/27,3.35,3.37,3.37,3.341,0.51%
2019/5/24,3.333,3.37,3.37,3.33,-0.18%
2019/5/23,3.339,3.4,3.4,3.305,0.66%
2019/5/22,3.317,3.316,3.333,3.311,0.27%
2019/5/21,3.308,3.313,3.314,3.302,0.30%
2019/5/20,3.298,3.38,3.38,3.29,0.46%
2019/5/17,3.283,3.335,3.335,3.265,-0.18%
2019/5/16,3.289,3.32,3.32,3.285,-0.93%
2019/5/15,3.32,3.302,3.322,3.298,0.73%
2019/5/14,3.296,3.312,3.33,3.296,-0.57%
2019/5/13,3.315,3.31,3.322,3.29,0.03%
2019/5/10,3.314,3.395,3.395,3.311,-0.48%
2019/5/9,3.33,3.343,3.366,3.32,-0.75%
2019/5/8,3.355,3.4,3.4,3.349,-0.27%
2019/5/7,3.364,3.415,3.415,3.358,-0.41%
2019/5/6,3.378,3.4,3.4,3.355,-0.79%
2019/5/5,3.405,3.39,3.405,3.39,-0.32%
2019/4/30,3.416,3.433,3.443,3.412,-0.41%
2019/4/29,3.43,3.48,3.48,3.42,0.44%
2019/4/28,3.415,3.41,3.415,3.41,-0.18%
2019/4/26,3.421,3.445,3.445,3.421,-0.35%
2019/4/25,3.433,3.455,3.475,3.413,-0.06%
2019/4/24,3.435,3.438,3.453,3.415,0.03%
2019/4/23,3.434,3.443,3.459,3.434,0.44%
2019/4/22,3.419,3.42,3.43,3.407,0.86%
2019/4/19,3.39,3.399,3.413,3.379,0.12%
2019/4/18,3.386,3.423,3.428,3.385,-1.20%
2019/4/17,3.427,3.42,3.445,3.409,0.68%
2019/4/16,3.404,3.39,3.41,3.383,0.86%
2019/4/15,3.375,3.4,3.425,3.371,1.32%
2019/4/12,3.331,3.307,3.335,3.307,1.15%
2019/4/11,3.293,3.318,3.332,3.276,-0.78%
2019/4/10,3.319,3.323,3.338,3.309,0.82%
2019/4/9,3.292,3.305,3.305,3.273,0.15%
2019/4/8,3.287,3.31,3.315,3.282,0.58%
2019/4/4,3.268,3.248,3.275,3.248,0.80%
2019/4/3,3.242,3.19,3.242,3.188,2.34%
2019/4/2,3.168,3.145,3.168,3.145,1.15%
2019/4/1,3.132,3.14,3.14,3.114,1.85%
2019/3/29,3.075,3.128,3.128,3.075,-0.45%
2019/3/28,3.089,3.11,3.111,3.087,-0.26%
2019/3/27,3.097,3.14,3.14,3.095,0.36%
2019/3/26,3.086,3.172,3.172,3.083,-0.90%
2019/3/25,3.114,3.15,3.15,3.114,-0.76%
2019/3/22,3.138,3.181,3.186,3.115,-0.79%
2019/3/21,3.163,3.18,3.18,3.163,0.29%
2019/3/20,3.154,3.173,3.173,3.154,-0.13%
2019/3/19,3.158,3.18,3.18,3.158,0.16%
2019/3/18,3.153,3.15,3.165,3.146,-0.06%
2019/3/15,3.155,3.192,3.192,3.153,-0.28%
2019/3/14,3.164,3.165,3.18,3.163,0.16%
2019/3/13,3.159,3.185,3.185,3.159,-0.13%
2019/3/12,3.163,3.197,3.197,3.16,-0.22%
2019/3/11,3.17,3.16,3.173,3.14,0.35%
2019/3/8,3.159,3.215,3.215,3.159,-0.88%
2019/3/7,3.187,3.275,3.275,3.187,-1.15%
2019/3/6,3.224,3.24,3.24,3.215,-0.12%
2019/3/5,3.228,3.252,3.252,3.221,0.47%
2019/3/4,3.213,3.28,3.28,3.213,0.56%
2019/3/1,3.195,3.218,3.218,3.188,-0.41%
2019/2/28,3.208,3.198,3.222,3.192,0.66%
2019/2/27,3.187,3.223,3.23,3.187,-0.72%
2019/2/26,3.21,3.193,3.213,3.191,1.01%
2019/2/25,3.178,3.2,3.2,3.15,0.95%
2019/2/22,3.148,3.162,3.162,3.148,0.16%
2019/2/21,3.143,3.169,3.169,3.143,-0.06%
2019/2/20,3.145,3.163,3.163,3.133,0.35%
2019/2/19,3.134,3.14,3.146,3.128,0.61%
2019/2/18,3.115,3.17,3.17,3.09,0.81%
2019/2/15,3.09,3.119,3.119,3.08,-0.16%
2019/2/14,3.095,3.121,3.121,3.082,0.06%
2019/2/13,3.093,3.132,3.132,3.091,0.00%
2019/2/12,3.093,3.16,3.16,3.09,0.10%
2019/2/11,3.09,3.144,3.144,3.09,-1.90%
2019/2/3,3.15,3.15,3.15,3.15,0.48%
2019/2/2,3.135,3.15,3.15,3.135,-0.32%
2019/2/1,3.145,3.143,3.157,3.143,0.48%
2019/1/31,3.13,3.152,3.157,3.125,-0.45%
2019/1/30,3.144,3.164,3.169,3.139,-0.38%
2019/1/29,3.156,3.187,3.187,3.152,-0.09%
2019/1/28,3.159,3.2,3.2,3.157,0.06%
2019/1/25,3.157,3.178,3.178,3.151,0.35%
2019/1/24,3.146,3.155,3.159,3.145,-0.06%
2019/1/23,3.148,3.155,3.155,3.11,0.58%
2019/1/22,3.13,3.153,3.153,3.11,0.64%
2019/1/21,3.11,3.16,3.16,3.11,-0.26%
2019/1/18,3.118,3.147,3.147,3.111,0.87%
2019/1/17,3.091,3.123,3.13,3.091,-0.71%
2019/1/16,3.113,3.175,3.175,3.113,-1.21%
2019/1/15,3.151,3.156,3.172,3.145,0.29%
2019/1/14,3.142,3.2,3.2,3.14,0.13%
2019/1/11,3.138,3.148,3.148,3.125,-0.06%
2019/1/10,3.14,3.14,3.143,3.117,0.32%
2019/1/9,3.13,3.15,3.173,3.128,-0.57%
2019/1/8,3.148,3.166,3.183,3.143,-0.66%
2019/1/7,3.169,3.18,3.205,3.169,-0.22%
2019/1/4,3.176,3.192,3.198,3.173,-0.47%
2019/1/3,3.191,3.2,3.2,3.168,-0.37%
2019/1/2,3.203,3.28,3.28,3.193,-2.05%
2018/12/29,3.27,3.27,3.27,3.27,-0.09%
2018/12/28,3.273,3.3,3.3,3.273,-0.79%
2018/12/27,3.299,3.389,3.4,3.292,-1.20%
2018/12/26,3.339,3.399,3.399,3.336,-0.54%
2018/12/25,3.357,3.361,3.365,3.351,-0.09%
2018/12/24,3.36,3.4,3.4,3.343,0.15%
2018/12/21,3.355,3.387,3.387,3.318,0.39%
2018/12/20,3.342,3.443,3.443,3.313,-1.15%
2018/12/19,3.381,3.429,3.429,3.381,-0.82%
2018/12/18,3.409,3.417,3.433,3.398,0.21%
2018/12/17,3.402,3.42,3.42,3.375,0.98%
2018/12/14,3.369,3.36,3.372,3.341,0.87%
2018/12/13,3.34,3.322,3.34,3.313,1.33%
2018/12/12,3.296,3.311,3.329,3.296,-0.09%
2018/12/11,3.299,3.341,3.341,3.288,-0.30%
2018/12/10,3.309,3.36,3.36,3.268,-0.45%
2018/12/8,3.324,3.324,3.324,3.324,0.30%
2018/12/7,3.314,3.31,3.34,3.31,-0.45%
2018/12/6,3.329,3.375,3.375,3.31,-0.48%
2018/12/5,3.345,3.348,3.37,3.333,0.00%
2018/12/4,3.345,3.44,3.44,3.345,-1.53%
2018/12/3,3.397,3.42,3.42,3.386,0.50%
2018/12/2,3.38,3.38,3.38,3.38,-0.73%
2018/12/1,3.405,3.405,3.405,3.405,0.21%
2018/11/30,3.398,3.41,3.41,3.392,-0.15%
2018/11/29,3.403,3.415,3.423,3.397,-0.15%
2018/11/28,3.408,3.458,3.458,3.408,-0.99%
2018/11/27,3.442,3.443,3.456,3.431,0.50%
2018/11/26,3.425,3.47,3.47,3.408,0.15%
2018/11/23,3.42,3.41,3.428,3.38,0.50%
2018/11/22,3.403,3.425,3.425,3.392,0.21%
2018/11/21,3.396,3.4,3.42,3.381,0.06%
2018/11/20,3.394,3.425,3.425,3.387,0.33%
2018/11/19,3.383,3.365,3.405,3.35,0.53%
2018/11/18,3.365,3.365,3.365,3.365,0.03%
2018/11/17,3.364,3.364,3.364,3.364,-0.06%
2018/11/16,3.366,3.475,3.475,3.358,-1.78%
2018/11/15,3.427,3.508,3.508,3.427,-0.87%
2018/11/14,3.457,3.522,3.522,3.448,-1.28%
2018/11/13,3.502,3.525,3.532,3.502,0.17%
2018/11/12,3.496,3.52,3.52,3.494,-0.11%
2018/11/9,3.5,3.517,3.517,3.497,-0.28%
2018/11/8,3.51,3.549,3.57,3.501,-0.31%
2018/11/7,3.521,3.549,3.57,3.521,-0.59%
2018/11/6,3.542,3.588,3.588,3.542,-0.45%
2018/11/5,3.558,3.553,3.583,3.545,0.20%
2018/11/2,3.551,3.549,3.553,3.529,0.82%
2018/11/1,3.522,3.562,3.562,3.522,-0.31%
2018/10/31,3.533,3.567,3.567,3.529,-0.31%
2018/10/30,3.544,3.593,3.593,3.525,0.11%
2018/10/29,3.54,3.65,3.65,3.538,-0.34%
2018/10/26,3.552,3.587,3.587,3.552,-0.42%
2018/10/25,3.567,3.553,3.568,3.545,-0.08%
2018/10/24,3.57,3.608,3.611,3.568,-0.86%
2018/10/23,3.601,3.65,3.65,3.601,0.22%
2018/10/22,3.593,3.61,3.61,3.593,0.28%
2018/10/19,3.583,3.63,3.63,3.555,0.14%
2018/10/18,3.578,3.616,3.616,3.578,-0.50%
2018/10/17,3.596,3.642,3.642,3.594,-0.30%
2018/10/16,3.607,3.644,3.644,3.607,-0.28%
2018/10/15,3.617,3.62,3.62,3.598,0.33%
2018/10/12,3.605,3.668,3.668,3.583,-0.41%
2018/10/11,3.62,3.655,3.655,3.6,-0.22%
2018/10/10,3.628,3.649,3.664,3.628,-0.55%
2018/10/9,3.648,3.66,3.66,3.636,0.58%
2018/10/8,3.627,3.64,3.65,3.627,-0.77%
2018/9/30,3.655,3.66,3.66,3.64,0.27%
2018/9/29,3.645,3.653,3.676,3.634,-0.22%
2018/9/28,3.653,3.662,3.673,3.651,-0.25%
2018/9/27,3.662,3.703,3.703,3.661,-0.52%
2018/9/26,3.681,3.722,3.722,3.681,-0.41%
2018/9/25,3.696,3.71,3.71,3.692,-0.46%
2018/9/21,3.713,3.698,3.727,3.698,0.51%
2018/9/20,3.694,3.689,3.698,3.679,0.14%
2018/9/19,3.689,3.676,3.695,3.66,0.60%
2018/9/18,3.667,3.671,3.672,3.65,0.11%
2018/9/17,3.663,3.69,3.69,3.635,-0.33%
2018/9/14,3.675,3.69,3.698,3.673,-0.22%
2018/9/13,3.683,3.713,3.713,3.68,-0.35%
2018/9/12,3.696,3.713,3.713,3.696,0.22%
2018/9/11,3.688,3.683,3.695,3.68,0.49%
2018/9/10,3.67,3.68,3.68,3.669,0.47%
2018/9/7,3.653,3.68,3.68,3.65,0.61%
2018/9/6,3.631,3.658,3.66,3.63,-0.22%
2018/9/5,3.639,3.665,3.665,3.637,0.28%
2018/9/4,3.629,3.652,3.652,3.618,0.44%
2018/9/3,3.613,3.65,3.65,3.605,0.36%
2018/8/31,3.6,3.639,3.665,3.593,-1.18%
2018/8/30,3.643,3.64,3.653,3.62,0.30%
2018/8/29,3.632,3.652,3.675,3.632,-0.36%
2018/8/28,3.645,3.655,3.671,3.645,-0.08%
2018/8/27,3.648,3.64,3.67,3.64,0.27%
2018/8/24,3.638,3.653,3.653,3.624,0.39%
2018/8/23,3.624,3.67,3.67,3.608,-0.60%
2018/8/22,3.646,3.671,3.671,3.643,-0.76%
2018/8/21,3.674,3.688,3.688,3.658,0.16%
2018/8/20,3.668,3.7,3.71,3.664,0.33%
2018/8/17,3.656,3.615,3.673,3.615,1.16%
2018/8/16,3.614,3.61,3.618,3.595,0.70%
2018/8/15,3.589,3.617,3.617,3.575,0.34%
2018/8/14,3.577,3.599,3.605,3.577,-0.53%
2018/8/13,3.596,3.58,3.598,3.563,0.62%
2018/8/10,3.574,3.57,3.586,3.55,0.53%
2018/8/9,3.555,3.538,3.56,3.532,0.82%
2018/8/8,3.526,3.511,3.526,3.49,0.89%
2018/8/7,3.495,3.53,3.53,3.483,0.66%
2018/8/6,3.472,3.55,3.55,3.465,-0.52%
2018/8/3,3.49,3.531,3.531,3.489,0.09%
2018/8/2,3.487,3.54,3.54,3.465,-0.43%
2018/8/1,3.502,3.583,3.583,3.5,-0.88%
2018/7/31,3.533,3.563,3.563,3.529,-0.06%
2018/7/30,3.535,3.6,3.6,3.535,-0.62%
2018/7/27,3.557,3.615,3.615,3.552,0.00%
2018/7/26,3.557,3.579,3.591,3.557,-0.45%
2018/7/25,3.573,3.573,3.582,3.56,0.34%
2018/7/24,3.561,3.574,3.581,3.554,0.79%
2018/7/23,3.533,3.57,3.57,3.508,0.71%
2018/7/20,3.508,3.488,3.513,3.444,0.34%
2018/7/19,3.496,3.528,3.528,3.488,-0.09%
2018/7/18,3.499,3.508,3.513,3.494,-0.06%
2018/7/17,3.501,3.548,3.548,3.497,-0.28%
2018/7/16,3.511,3.55,3.55,3.475,-0.14%
2018/7/13,3.516,3.533,3.55,3.513,-0.54%
2018/7/12,3.535,3.558,3.571,3.531,-0.23%
2018/7/11,3.543,3.573,3.573,3.543,-0.37%
2018/7/10,3.556,3.567,3.568,3.554,0.23%
2018/7/9,3.548,3.55,3.559,3.54,0.23%
2018/7/6,3.54,3.547,3.548,3.517,0.57%
2018/7/5,3.52,3.535,3.535,3.507,-0.06%
2018/7/4,3.522,3.515,3.523,3.504,0.31%
2018/7/3,3.511,3.509,3.511,3.485,0.66%
2018/7/2,3.488,3.55,3.55,3.488,-1.55%
2018/6/29,3.543,3.601,3.601,3.534,-0.64%
2018/6/28,3.566,3.61,3.61,3.566,-0.53%
2018/6/27,3.585,3.62,3.62,3.585,-0.50%
2018/6/26,3.603,3.633,3.633,3.603,-0.06%
2018/6/25,3.605,3.65,3.65,3.585,0.06%
2018/6/22,3.603,3.63,3.63,3.598,0.00%
2018/6/21,3.603,3.64,3.64,3.588,-0.33%
2018/6/20,3.615,3.62,3.62,3.59,0.14%
2018/6/19,3.61,3.65,3.675,3.61,-1.01%
2018/6/15,3.647,3.722,3.722,3.628,-0.90%
2018/6/14,3.68,3.721,3.721,3.68,-0.86%
2018/6/13,3.712,3.69,3.713,3.687,0.65%
2018/6/12,3.688,3.695,3.697,3.687,0.49%
2018/6/11,3.67,3.72,3.72,3.66,-0.49%
2018/6/8,3.688,3.707,3.707,3.645,-0.14%
2018/6/7,3.693,3.697,3.707,3.68,0.00%
2018/6/6,3.693,3.698,3.7,3.678,0.27%
2018/6/5,3.683,3.68,3.693,3.673,0.44%
2018/6/4,3.667,3.68,3.68,3.65,0.52%
2018/6/1,3.648,3.666,3.666,3.648,0.05%
2018/5/31,3.646,3.655,3.655,3.635,0.69%
2018/5/30,3.621,3.67,3.67,3.621,-0.52%
2018/5/29,3.64,3.67,3.67,3.633,-0.08%
2018/5/28,3.643,3.64,3.643,3.635,-1.14%
2018/5/25,3.685,3.693,3.693,3.648,0.33%
2018/5/24,3.673,3.71,3.71,3.667,-0.78%
2018/5/23,3.702,3.73,3.73,3.692,-0.08%
2018/5/22,3.705,3.745,3.745,3.673,-0.46%
2018/5/21,3.722,3.78,3.78,3.718,0.00%
2018/5/20,3.722,3.722,3.722,3.722,0.00%
2018/5/18,3.722,3.772,3.772,3.713,-0.24%
2018/5/17,3.731,3.76,3.76,3.726,0.21%
2018/5/16,3.723,3.753,3.753,3.723,0.00%
2018/5/15,3.723,3.738,3.738,3.713,0.27%
2018/5/14,3.713,3.72,3.72,3.695,0.08%
2018/5/11,3.71,3.731,3.746,3.699,-0.30%
2018/5/10,3.721,3.728,3.737,3.713,0.16%
2018/5/9,3.715,3.703,3.725,3.703,0.49%
2018/5/8,3.697,3.67,3.697,3.652,1.07%
2018/5/7,3.658,3.7,3.7,3.648,0.03%
2018/5/4,3.657,3.73,3.73,3.643,-0.41%
2018/5/3,3.672,3.673,3.675,3.662,-0.22%
2018/5/2,3.68,3.7,3.7,3.66,0.74%
2018/4/28,3.653,3.662,3.677,3.65,-0.25%
2018/4/27,3.662,3.64,3.663,3.637,0.60%
2018/4/26,3.64,3.627,3.659,3.626,0.64%
2018/4/25,3.617,3.597,3.623,3.597,0.56%
2018/4/24,3.597,3.603,3.615,3.578,-0.17%
2018/4/23,3.603,3.62,3.62,3.548,1.78%
2018/4/20,3.54,3.531,3.54,3.522,0.23%
2018/4/19,3.532,3.61,3.61,3.52,-2.08%
2018/4/18,3.607,3.668,3.668,3.575,-1.90%
2018/4/17,3.677,3.753,3.753,3.673,-1.10%
2018/4/16,3.718,3.78,3.78,3.718,-0.59%
2018/4/13,3.74,3.763,3.763,3.733,0.13%
2018/4/12,3.735,3.754,3.754,3.731,-0.35%
2018/4/11,3.748,3.757,3.757,3.74,0.54%
2018/4/10,3.728,3.747,3.747,3.726,-0.13%
2018/4/9,3.733,3.735,3.747,3.733,-0.45%
2018/4/8,3.75,3.74,3.75,3.74,0.27%
2018/4/7,3.74,3.74,3.74,3.74,0.00%
2018/4/6,3.74,3.745,3.745,3.74,-0.13%
2018/4/4,3.745,3.748,3.767,3.728,-0.08%
2018/4/3,3.748,3.747,3.78,3.745,0.03%
2018/4/2,3.747,3.8,3.8,3.746,-0.82%
2018/3/30,3.778,3.803,3.803,3.767,0.21%
2018/3/29,3.77,3.783,3.783,3.752,0.53%
2018/3/28,3.75,3.762,3.77,3.747,-0.61%
2018/3/27,3.773,3.773,3.773,3.75,0.83%
2018/3/26,3.742,3.81,3.81,3.733,-0.53%
2018/3/23,3.762,3.79,3.79,3.742,-0.19%
2018/3/22,3.769,3.834,3.837,3.769,-0.92%
2018/3/21,3.804,3.81,3.818,3.792,-0.16%
2018/3/20,3.81,3.875,3.875,3.805,-0.47%
2018/3/19,3.828,3.935,3.935,3.823,-0.78%
2018/3/16,3.858,3.863,3.88,3.849,-0.13%
2018/3/15,3.863,3.882,3.882,3.852,0.05%
2018/3/14,3.861,3.871,3.871,3.848,0.10%
2018/3/13,3.857,3.848,3.869,3.848,0.23%
2018/3/12,3.848,3.9,3.9,3.848,-0.05%
2018/3/9,3.85,3.867,3.867,3.848,-0.03%
2018/3/8,3.851,3.885,3.885,3.851,-0.36%
2018/3/7,3.865,3.895,3.895,3.865,-0.28%
2018/3/6,3.876,3.86,3.925,3.86,0.34%
2018/3/5,3.863,3.975,3.975,3.855,-0.08%
2018/3/2,3.866,3.918,3.918,3.85,0.34%
2018/3/1,3.853,3.86,3.875,3.852,-0.10%
2018/2/28,3.857,3.898,3.898,3.847,-0.44%
2018/2/27,3.874,3.902,3.902,3.866,-0.33%
2018/2/26,3.887,3.9,3.9,3.883,-0.23%
2018/2/24,3.896,3.895,3.96,3.878,0.03%
2018/2/23,3.895,3.902,3.919,3.895,-0.05%
2018/2/22,3.897,3.95,3.95,3.893,-0.08%
2018/2/18,3.9,3.9,3.9,3.9,0.00%
2018/2/14,3.9,3.922,3.922,3.9,-0.38%
2018/2/13,3.915,3.925,3.925,3.9,0.20%
2018/2/12,3.907,3.94,3.94,3.907,-0.08%
2018/2/11,3.91,3.92,3.92,3.91,0.21%
2018/2/10,3.902,3.902,3.902,3.902,0.00%
2018/2/9,3.902,3.92,3.92,3.892,0.10%
2018/2/8,3.898,3.931,3.931,3.898,-0.13%
2018/2/7,3.903,3.958,3.958,3.903,-0.36%
2018/2/6,3.917,3.945,3.945,3.915,-0.20%
2018/2/5,3.925,3.99,3.99,3.911,0.00%
2018/2/2,3.925,3.942,3.962,3.901,-0.15%
2018/2/1,3.931,3.986,3.986,3.909,-0.33%
2018/1/31,3.944,3.961,3.978,3.937,-0.25%
2018/1/30,3.954,3.962,3.972,3.951,-0.10%
2018/1/29,3.958,4,4,3.944,0.15%
2018/1/26,3.952,3.999,3.999,3.942,-0.08%
2018/1/25,3.955,3.965,3.978,3.953,-0.18%
2018/1/24,3.962,3.993,3.993,3.958,-0.20%
2018/1/23,3.97,4.05,4.05,3.953,-2.48%
2018/1/22,4.071,4.12,4.12,4.042,0.27%
2018/1/19,4.06,4.057,4.06,4.04,0.52%
2018/1/18,4.039,4.053,4.055,4.03,0.22%
2018/1/17,4.03,4.027,4.034,4.024,0.15%
2018/1/16,4.024,4.019,4.034,4.014,0.22%
2018/1/15,4.015,4.05,4.05,4.015,1.21%
2018/1/12,3.967,3.961,3.974,3.953,0.23%
2018/1/11,3.958,3.965,3.973,3.945,0.71%
2018/1/10,3.93,3.93,3.933,3.912,0.26%
2018/1/9,3.92,3.924,3.95,3.907,-0.10%
2018/1/8,3.924,3.95,3.95,3.921,-0.28%
2018/1/5,3.935,3.944,3.948,3.923,-0.08%
2018/1/4,3.938,3.93,3.943,3.927,0.46%
2018/1/3,3.92,3.918,3.932,3.905,0.05%
2018/1/2,3.918,3.95,3.95,3.881,0.08%
2017/12/29,3.915,3.938,3.938,3.915,0.05%
2017/12/28,3.913,3.913,3.929,3.911,0.00%
2017/12/27,3.913,3.914,3.919,3.906,0.28%
2017/12/26,3.902,3.908,3.914,3.901,-0.33%
2017/12/25,3.915,3.92,3.92,3.88,-0.03%
2017/12/22,3.916,3.953,3.953,3.912,-0.13%
2017/12/21,3.921,3.953,3.953,3.921,0.10%
2017/12/20,3.917,3.95,3.95,3.909,0.26%
2017/12/19,3.907,3.93,3.93,3.9,-0.03%
2017/12/18,3.908,3.98,3.98,3.89,-0.43%
2017/12/16,3.925,3.925,3.925,3.925,0.00%
2017/12/15,3.925,3.947,3.97,3.923,-0.38%
2017/12/14,3.94,3.97,3.97,3.927,-0.51%
2017/12/13,3.96,3.995,3.995,3.93,-0.25%
2017/12/12,3.97,3.963,3.97,3.954,0.68%
2017/12/11,3.943,3.95,3.95,3.94,0.59%
2017/12/9,3.92,3.915,3.92,3.915,0.13%
2017/12/8,3.915,3.919,3.919,3.91,0.41%
2017/12/7,3.899,3.928,3.928,3.895,0.05%
2017/12/6,3.897,3.9,3.907,3.895,-0.18%
2017/12/5,3.904,3.935,3.935,3.898,-0.15%
2017/12/4,3.91,3.93,3.94,3.89,0.51%
2017/12/3,3.89,3.89,3.89,3.89,-0.59%
2017/12/2,3.913,3.913,3.913,3.913,0.00%
2017/12/1,3.913,3.925,3.938,3.893,-0.10%
2017/11/30,3.917,3.968,3.968,3.917,-0.79%
2017/11/29,3.948,3.984,3.99,3.938,-0.70%
2017/11/28,3.976,3.999,3.999,3.975,-0.15%
2017/11/27,3.982,3.955,3.982,3.955,0.68%
2017/11/26,3.955,3.955,3.955,3.955,-0.98%
2017/11/25,3.994,3.994,3.994,3.994,0.28%
2017/11/24,3.983,4.008,4.008,3.975,-0.50%
2017/11/23,4.003,3.993,4.019,3.975,0.25%
2017/11/22,3.993,3.985,3.993,3.975,0.76%
2017/11/21,3.963,3.955,3.973,3.948,0.00%
2017/11/20,3.963,4.02,4.02,3.958,0.41%
2017/11/17,3.947,3.94,3.97,3.94,0.25%
2017/11/16,3.937,3.963,4.015,3.932,-0.78%
2017/11/15,3.968,3.993,4.023,3.963,-0.50%
2017/11/14,3.988,3.974,4.033,3.965,0.58%
2017/11/13,3.965,3.92,3.975,3.92,0.89%
2017/11/12,3.93,3.93,3.93,3.93,0.13%
2017/11/11,3.925,3.925,3.925,3.925,0.18%
2017/11/10,3.918,3.97,3.97,3.91,0.38%
2017/11/9,3.903,3.92,3.92,3.891,0.26%
2017/11/8,3.893,3.95,3.95,3.89,-0.08%
2017/11/7,3.896,3.9,3.9,3.871,0.46%
2017/11/6,3.878,3.9,3.9,3.873,-0.56%
2017/11/3,3.9,3.897,3.907,3.888,0.28%
2017/11/2,3.889,3.917,3.917,3.877,0.18%
2017/11/1,3.882,3.919,3.935,3.881,-0.87%
2017/10/31,3.916,3.87,3.917,3.87,0.67%
2017/10/30,3.89,3.88,3.917,3.82,1.73%
2017/10/29,3.824,3.824,3.824,3.824,0.00%
2017/10/27,3.824,3.793,3.838,3.793,0.82%
2017/10/26,3.793,3.777,3.801,3.77,0.69%
2017/10/25,3.767,3.757,3.767,3.745,0.91%
2017/10/24,3.733,3.75,3.75,3.732,-0.03%
2017/10/23,3.734,3.75,3.75,3.729,0.00%
2017/10/22,3.734,3.734,3.734,3.734,0.00%
2017/10/20,3.734,3.762,3.762,3.726,0.03%
2017/10/19,3.733,3.755,3.755,3.725,-0.40%
2017/10/18,3.748,3.74,3.76,3.73,0.35%
2017/10/17,3.735,3.706,3.743,3.706,0.84%
2017/10/16,3.704,3.75,3.75,3.697,0.60%
2017/10/13,3.682,3.678,3.683,3.663,0.14%
2017/10/12,3.677,3.689,3.689,3.666,0.08%
2017/10/11,3.674,3.669,3.674,3.668,0.16%
2017/10/10,3.668,3.68,3.68,3.648,0.41%
2017/10/9,3.653,3.7,3.7,3.63,0.41%
2017/10/3,3.638,3.638,3.638,3.638,0.00%
2017/9/30,3.638,3.638,3.638,3.638,0.17%
2017/9/29,3.632,3.671,3.671,3.632,0.06%
2017/9/28,3.63,3.64,3.648,3.63,-0.08%
2017/9/27,3.633,3.642,3.642,3.627,0.36%
2017/9/26,3.62,3.641,3.641,3.617,-0.63%
2017/9/25,3.643,3.7,3.7,3.599,0.08%
2017/9/22,3.64,3.65,3.65,3.633,-0.05%
2017/9/21,3.642,3.641,3.654,3.625,0.19%
2017/9/20,3.635,3.658,3.658,3.63,-0.08%
2017/9/19,3.638,3.642,3.642,3.622,0.44%
2017/9/18,3.622,3.7,3.7,3.61,0.36%
2017/9/15,3.609,3.669,3.669,3.609,-0.80%
2017/9/14,3.638,3.657,3.657,3.623,-0.16%
2017/9/13,3.644,3.668,3.668,3.636,0.30%
2017/9/12,3.633,3.657,3.657,3.623,0.33%
2017/9/11,3.621,3.7,3.7,3.603,-0.11%
2017/9/8,3.625,3.676,3.676,3.62,-0.41%
2017/9/7,3.64,3.677,3.68,3.64,-1.01%
2017/9/6,3.677,3.679,3.685,3.675,-0.03%
2017/9/5,3.678,3.667,3.678,3.658,0.63%
2017/9/4,3.655,3.65,3.655,3.645,-0.73%
2017/9/2,3.682,3.682,3.682,3.682,0.00%
2017/9/1,3.682,3.714,3.714,3.676,0.19%
2017/8/31,3.675,3.736,3.736,3.668,-0.22%
2017/8/30,3.683,3.711,3.711,3.68,-0.30%
2017/8/29,3.694,3.711,3.711,3.686,-0.22%
2017/8/28,3.702,3.68,3.702,3.678,0.46%
2017/8/25,3.685,3.689,3.695,3.672,0.27%
2017/8/24,3.675,3.684,3.707,3.668,0.00%
2017/8/23,3.675,3.685,3.685,3.646,0.27%
2017/8/22,3.665,3.662,3.67,3.652,0.44%
2017/8/21,3.649,3.645,3.663,3.645,0.11%
2017/8/20,3.645,3.645,3.645,3.645,0.11%
2017/8/19,3.641,3.641,3.641,3.641,0.00%
2017/8/18,3.641,3.63,3.641,3.602,0.66%
2017/8/17,3.617,3.656,3.656,3.617,-0.19%
2017/8/16,3.624,3.633,3.636,3.613,0.17%
2017/8/15,3.618,3.656,3.656,3.603,-0.36%
2017/8/14,3.631,3.68,3.68,3.63,-0.25%
2017/8/11,3.64,3.684,3.684,3.64,-0.98%
2017/8/10,3.676,3.686,3.691,3.676,-0.11%
2017/8/9,3.68,3.683,3.683,3.668,0.00%
2017/8/8,3.68,3.666,3.683,3.666,0.60%
2017/8/7,3.658,3.67,3.67,3.646,0.55%
2017/8/6,3.638,3.638,3.638,3.638,0.00%
2017/8/4,3.638,3.655,3.655,3.632,-0.16%
2017/8/3,3.644,3.646,3.651,3.633,-0.11%
2017/8/2,3.648,3.646,3.656,3.639,0.05%
2017/8/1,3.646,3.64,3.65,3.632,0.47%
2017/7/31,3.629,3.63,3.64,3.615,0.19%
2017/7/28,3.622,3.628,3.643,3.613,-0.28%
2017/7/27,3.632,3.623,3.635,3.614,0.28%
2017/7/26,3.622,3.621,3.624,3.609,0.67%
2017/7/25,3.598,3.593,3.61,3.59,-0.03%
2017/7/24,3.599,3.6,3.6,3.584,0.17%
2017/7/21,3.593,3.593,3.598,3.58,-0.19%
2017/7/20,3.6,3.607,3.607,3.588,0.06%
2017/7/19,3.598,3.6,3.6,3.588,0.14%
2017/7/18,3.593,3.58,3.594,3.58,0.31%
2017/7/17,3.582,3.583,3.616,3.553,-0.08%
2017/7/16,3.585,3.585,3.585,3.585,0.00%
2017/7/14,3.585,3.583,3.593,3.575,-0.06%
2017/7/13,3.587,3.59,3.597,3.575,-0.28%
2017/7/12,3.597,3.617,3.617,3.591,-0.33%
2017/7/11,3.609,3.63,3.63,3.595,0.00%
2017/7/10,3.609,3.59,3.623,3.59,0.33%
2017/7/7,3.597,3.602,3.612,3.589,0.03%
2017/7/6,3.596,3.617,3.617,3.586,-0.72%
2017/7/5,3.622,3.628,3.628,3.614,-0.03%
2017/7/4,3.623,3.616,3.624,3.608,0.69%
2017/7/3,3.598,3.58,3.6,3.56,0.56%
2017/7/2,3.578,3.578,3.578,3.578,0.00%
2017/7/1,3.578,3.578,3.578,3.578,0.00%
2017/6/30,3.578,3.573,3.582,3.568,0.53%
2017/6/29,3.559,3.543,3.559,3.538,0.54%
2017/6/28,3.54,3.528,3.542,3.528,0.14%
2017/6/27,3.535,3.569,3.569,3.533,-0.87%
2017/6/26,3.566,3.6,3.6,3.548,-0.11%
2017/6/25,3.57,3.57,3.57,3.57,0.00%
2017/6/24,3.57,3.57,3.57,3.57,0.00%
2017/6/23,3.57,3.555,3.57,3.535,0.51%
2017/6/22,3.552,3.528,3.557,3.523,1.43%
2017/6/21,3.502,3.505,3.505,3.49,0.37%
2017/6/20,3.489,3.554,3.554,3.488,-1.58%
2017/6/19,3.545,3.54,3.57,3.538,0.14%
2017/6/18,3.54,3.54,3.54,3.54,-0.53%
2017/6/17,3.559,3.559,3.559,3.559,0.08%
2017/6/16,3.556,3.547,3.569,3.535,0.71%
2017/6/15,3.531,3.552,3.572,3.519,-0.87%
2017/6/14,3.562,3.593,3.593,3.562,-0.22%
2017/6/13,3.57,3.598,3.62,3.554,-1.30%
2017/6/12,3.617,3.67,3.67,3.6,-1.39%
2017/6/9,3.668,3.68,3.684,3.65,0.03%
2017/6/8,3.667,3.683,3.683,3.663,0.08%
2017/6/7,3.664,3.662,3.683,3.66,0.38%
2017/6/6,3.65,3.65,3.659,3.638,-0.03%
2017/6/5,3.651,3.7,3.725,3.633,0.03%
2017/6/2,3.65,3.655,3.655,3.632,0.16%
2017/6/1,3.644,3.677,3.678,3.637,-0.71%
2017/5/31,3.67,3.7,3.7,3.662,-0.27%
2017/5/27,3.68,3.68,3.68,3.68,-0.11%
2017/5/26,3.684,3.705,3.705,3.68,-0.14%
2017/5/25,3.689,3.703,3.703,3.67,-0.30%
2017/5/24,3.7,3.693,3.7,3.69,0.30%
2017/5/23,3.689,3.684,3.689,3.672,0.74%
2017/5/22,3.662,3.7,3.7,3.648,0.69%
2017/5/19,3.637,3.662,3.662,3.626,-0.36%
2017/5/18,3.65,3.666,3.666,3.627,0.14%
2017/5/17,3.645,3.65,3.655,3.639,-0.11%
2017/5/16,3.649,3.684,3.684,3.637,-0.38%
2017/5/15,3.663,3.71,3.71,3.65,-0.16%
2017/5/12,3.669,3.711,3.711,3.66,-0.92%
2017/5/11,3.703,3.682,3.717,3.681,0.93%
2017/5/10,3.669,3.638,3.673,3.617,0.80%
2017/5/9,3.64,3.617,3.64,3.604,1.08%
2017/5/8,3.601,3.58,3.601,3.575,0.76%
2017/5/7,3.574,3.574,3.574,3.574,0.00%
2017/5/5,3.574,3.563,3.575,3.552,0.65%
2017/5/4,3.551,3.516,3.553,3.495,1.08%
2017/5/3,3.513,3.506,3.519,3.494,0.46%
2017/5/2,3.497,3.5,3.5,3.455,0.58%
2017/4/28,3.477,3.495,3.495,3.463,0.23%
2017/4/27,3.469,3.496,3.496,3.46,-0.17%
2017/4/26,3.475,3.517,3.517,3.475,-1.05%
2017/4/25,3.512,3.498,3.519,3.492,0.54%
2017/4/24,3.493,3.49,3.51,3.475,1.13%
2017/4/22,3.454,3.454,3.454,3.454,0.00%
2017/4/21,3.454,3.446,3.456,3.431,0.55%
2017/4/20,3.435,3.441,3.443,3.429,0.06%
2017/4/19,3.433,3.458,3.458,3.413,-0.03%
2017/4/18,3.434,3.422,3.441,3.415,0.97%
2017/4/17,3.401,3.415,3.415,3.37,1.25%
2017/4/14,3.359,3.348,3.359,3.334,0.48%
2017/4/13,3.343,3.342,3.348,3.33,0.03%
2017/4/12,3.342,3.337,3.355,3.325,0.18%
2017/4/11,3.336,3.339,3.348,3.334,0.42%
2017/4/10,3.322,3.33,3.33,3.295,0.58%
2017/4/7,3.303,3.368,3.368,3.303,-0.81%
2017/4/6,3.33,3.317,3.336,3.317,0.67%
2017/4/5,3.308,3.37,3.37,3.28,0.30%
2017/4/3,3.298,3.298,3.298,3.298,0.00%
2017/4/1,3.298,3.298,3.298,3.298,-0.36%
2017/3/31,3.31,3.332,3.332,3.309,0.18%
2017/3/30,3.304,3.31,3.313,3.295,0.36%
2017/3/29,3.292,3.313,3.313,3.281,0.55%
2017/3/28,3.274,3.3,3.3,3.263,-0.06%
2017/3/27,3.276,3.28,3.28,3.257,-0.91%
2017/3/26,3.306,3.306,3.306,3.306,0.00%
2017/3/24,3.306,3.355,3.355,3.305,-0.75%
2017/3/23,3.331,3.354,3.354,3.325,-0.21%
2017/3/22,3.338,3.363,3.363,3.33,0.09%
2017/3/21,3.335,3.356,3.356,3.335,-0.09%
2017/3/20,3.338,3.35,3.35,3.32,0.21%
2017/3/18,3.331,3.331,3.331,3.331,0.00%
2017/3/17,3.331,3.349,3.359,3.329,-0.72%
2017/3/16,3.355,3.388,3.388,3.327,-0.89%
2017/3/15,3.385,3.407,3.43,3.385,-0.47%
2017/3/14,3.401,3.45,3.45,3.389,-0.82%
2017/3/13,3.429,3.45,3.45,3.421,-0.20%
2017/3/10,3.436,3.451,3.451,3.436,0.00%
2017/3/9,3.436,3.43,3.436,3.41,1.06%
2017/3/8,3.4,3.393,3.4,3.386,0.41%
2017/3/7,3.386,3.388,3.395,3.378,0.15%
2017/3/6,3.381,3.38,3.391,3.363,-1.20%
2017/3/3,3.422,3.414,3.423,3.41,0.35%
2017/3/2,3.41,3.387,3.415,3.383,1.04%
2017/3/1,3.375,3.395,3.395,3.36,0.51%
2017/2/28,3.358,3.382,3.382,3.353,0.24%
2017/2/27,3.35,3.4,3.4,3.342,-0.45%
2017/2/24,3.365,3.387,3.387,3.361,0.09%
2017/2/23,3.362,3.404,3.404,3.362,-0.50%
2017/2/22,3.379,3.407,3.408,3.379,-0.18%
2017/2/21,3.385,3.386,3.386,3.357,0.30%
2017/2/20,3.375,3.4,3.4,3.375,-1.11%
2017/2/17,3.413,3.445,3.445,3.413,-1.02%
2017/2/16,3.448,3.48,3.48,3.448,-0.03%
2017/2/15,3.449,3.475,3.475,3.448,0.03%
2017/2/14,3.448,3.448,3.453,3.43,0.09%
2017/2/13,3.445,3.5,3.5,3.441,0.47%
2017/2/10,3.429,3.428,3.443,3.417,-0.64%
2017/2/9,3.451,3.464,3.473,3.448,-0.55%
2017/2/8,3.47,3.487,3.49,3.465,-0.46%
2017/2/7,3.486,3.49,3.49,3.472,0.90%
2017/2/6,3.455,3.5,3.5,3.445,0.88%
2017/2/4,3.425,3.425,3.425,3.425,0.79%
2017/2/3,3.398,3.4,3.45,3.39,1.04%
2017/1/27,3.363,3.363,3.363,3.363,0.00%
2017/1/26,3.363,3.343,3.363,3.343,0.87%
2017/1/25,3.334,3.32,3.35,3.32,1.15%
2017/1/24,3.296,3.302,3.302,3.277,0.40%
2017/1/23,3.283,3.289,3.295,3.279,0.03%
2017/1/22,3.282,3.282,3.282,3.282,0.03%
2017/1/20,3.281,3.308,3.308,3.28,-0.09%
2017/1/19,3.284,3.293,3.295,3.284,0.21%
2017/1/18,3.277,3.28,3.28,3.27,0.52%
2017/1/17,3.26,3.274,3.282,3.259,0.80%
2017/1/16,3.234,3.25,3.25,3.221,0.50%
2017/1/13,3.218,3.239,3.239,3.213,0.06%
2017/1/12,3.216,3.24,3.24,3.214,-0.12%
2017/1/11,3.22,3.205,3.225,3.197,0.85%
2017/1/10,3.193,3.223,3.223,3.183,-0.47%
2017/1/9,3.208,3.25,3.25,3.2,-0.62%
2017/1/6,3.228,3.23,3.233,3.214,0.40%
2017/1/5,3.215,3.174,3.229,3.174,2.10%
2017/1/4,3.149,3.087,3.149,3.087,2.98%
2017/1/3,3.058,3.03,3.078,3.03,-0.26%
2016/12/30,3.066,3.131,3.131,3.066,-1.92%
2016/12/29,3.126,3.182,3.182,3.123,-1.91%
2016/12/28,3.187,3.186,3.199,3.182,0.28%
2016/12/27,3.178,3.194,3.194,3.17,-0.47%
2016/12/26,3.193,3.3,3.3,3.193,-0.68%
2016/12/23,3.215,3.265,3.265,3.215,-1.92%
2016/12/22,3.278,3.343,3.351,3.278,-3.10%
2016/12/21,3.383,3.399,3.401,3.377,-0.12%
2016/12/20,3.387,3.367,3.392,3.363,1.35%
2016/12/19,3.342,3.3,3.353,3.3,0.36%
2016/12/16,3.33,3.296,3.346,3.276,3.19%
2016/12/15,3.227,3.233,3.233,3.22,0.28%
2016/12/14,3.218,3.203,3.218,3.188,1.13%
2016/12/13,3.182,3.144,3.193,3.144,1.50%
2016/12/12,3.135,3.075,3.139,3.056,1.23%
2016/12/9,3.097,3.092,3.107,3.09,-0.10%
2016/12/8,3.1,3.111,3.12,3.092,-0.48%
2016/12/7,3.115,3.104,3.125,3.068,0.97%
2016/12/6,3.085,3.045,3.092,3.026,1.48%
2016/12/5,3.04,3.032,3.068,3.003,0.46%
2016/12/2,3.026,2.997,3.033,2.992,1.14%
2016/12/1,2.992,2.948,2.998,2.948,1.66%
2016/11/30,2.943,2.901,2.964,2.899,1.24%
2016/11/29,2.907,2.87,2.907,2.868,1.11%
2016/11/28,2.875,2.855,2.896,2.815,-0.03%
2016/11/25,2.876,2.863,2.878,2.863,0.49%
2016/11/24,2.862,2.885,2.917,2.855,-0.66%
2016/11/23,2.881,2.9,2.913,2.876,-0.59%
2016/11/22,2.898,2.913,2.925,2.891,-0.31%
2016/11/21,2.907,2.925,2.947,2.893,-0.48%
2016/11/18,2.921,2.909,2.932,2.905,0.76%
2016/11/17,2.899,2.882,2.906,2.882,0.83%
2016/11/16,2.875,2.885,2.897,2.87,-0.14%
2016/11/15,2.879,2.86,2.898,2.86,0.77%
2016/11/14,2.857,2.826,2.865,2.814,0.99%
2016/11/11,2.829,2.8,2.829,2.8,1.25%
2016/11/10,2.794,2.785,2.797,2.78,0.54%
2016/11/9,2.779,2.77,2.78,2.769,0.40%
2016/11/8,2.768,2.766,2.776,2.761,0.33%
2016/11/7,2.759,2.726,2.76,2.688,0.55%
2016/11/4,2.744,2.742,2.763,2.738,0.04%
2016/11/3,2.743,2.757,2.772,2.742,-0.36%
2016/11/2,2.753,2.761,2.777,2.75,-0.11%
2016/11/1,2.756,2.753,2.759,2.75,0.44%
2016/10/31,2.744,2.691,2.744,2.601,0.70%
2016/10/28,2.725,2.748,2.772,2.725,-0.62%
2016/10/27,2.742,2.763,2.763,2.74,0.26%
2016/10/26,2.735,2.748,2.748,2.73,0.66%
2016/10/25,2.717,2.718,2.718,2.706,0.63%
2016/10/24,2.7,2.72,2.72,2.67,1.50%
2016/10/21,2.66,2.7,2.7,2.655,-1.55%
2016/10/20,2.702,2.758,2.758,2.702,-0.77%
2016/10/19,2.723,2.755,2.755,2.721,-0.40%
2016/10/18,2.734,2.748,2.748,2.73,-0.07%
2016/10/17,2.736,2.78,2.78,2.725,0.04%
2016/10/15,2.735,2.735,2.735,2.735,0.00%
2016/10/14,2.735,2.758,2.758,2.73,-0.33%
2016/10/13,2.744,2.758,2.758,2.743,0.07%
2016/10/12,2.742,2.75,2.75,2.731,0.59%
2016/10/11,2.726,2.753,2.753,2.726,-0.22%
2016/10/10,2.732,2.765,2.765,2.728,-0.44%
2016/10/9,2.744,2.744,2.744,2.744,-0.76%
2016/10/8,2.765,2.765,2.765,2.765,-0.14%
2016/9/30,2.769,2.783,2.783,2.769,0.22%
2016/9/29,2.763,2.775,2.775,2.762,0.18%
2016/9/28,2.758,2.775,2.775,2.758,0.00%
2016/9/27,2.758,2.78,2.78,2.753,-0.29%
2016/9/26,2.766,2.79,2.79,2.756,-0.54%
2016/9/25,2.781,2.781,2.781,2.781,0.00%
2016/9/24,2.781,2.781,2.781,2.781,0.00%
2016/9/23,2.781,2.8,2.8,2.767,-0.18%
2016/9/22,2.786,2.793,2.793,2.784,-0.04%
2016/9/21,2.787,2.81,2.81,2.784,-0.07%
2016/9/20,2.789,2.82,2.82,2.774,-0.43%
2016/9/19,2.801,2.808,2.812,2.799,-0.25%
2016/9/18,2.808,2.808,2.808,2.808,0.83%
2016/9/17,2.785,2.785,2.785,2.785,0.00%
2016/9/16,2.785,2.785,2.896,2.663,-0.71%
2016/9/15,2.805,2.797,2.805,2.797,0.29%
2016/9/14,2.797,2.814,2.825,2.793,-0.50%
2016/9/13,2.811,2.817,2.826,2.808,0.00%
2016/9/12,2.811,2.778,2.814,2.715,0.07%
2016/9/9,2.809,2.82,2.834,2.804,-0.50%
2016/9/8,2.823,2.813,2.824,2.813,0.43%
2016/9/7,2.811,2.817,2.818,2.808,0.29%
2016/9/6,2.803,2.813,2.813,2.797,0.14%
2016/9/5,2.799,2.82,2.82,2.795,0.04%
2016/9/3,2.798,2.799,2.799,2.798,-0.04%
2016/9/2,2.799,2.815,2.815,2.78,-0.11%
2016/9/1,2.802,2.825,2.825,2.801,-0.11%
2016/8/31,2.805,2.803,2.81,2.8,0.43%
2016/8/30,2.793,2.777,2.795,2.765,1.20%
2016/8/29,2.76,2.8,2.8,2.747,-0.14%
2016/8/26,2.764,2.804,2.804,2.764,-0.65%
2016/8/25,2.782,2.8,2.8,2.738,0.29%
2016/8/24,2.774,2.773,2.782,2.765,0.73%
2016/8/23,2.754,2.763,2.763,2.734,0.55%
2016/8/22,2.739,2.77,2.77,2.726,0.70%
2016/8/19,2.72,2.727,2.732,2.716,0.26%
2016/8/18,2.713,2.715,2.723,2.71,0.07%
2016/8/17,2.711,2.693,2.713,2.69,1.19%
2016/8/16,2.679,2.7,2.7,2.665,-0.41%
2016/8/15,2.69,2.723,2.733,2.62,-0.55%
2016/8/14,2.705,2.705,2.705,2.705,0.00%
2016/8/13,2.705,2.705,2.705,2.705,0.00%
2016/8/12,2.705,2.723,2.733,2.705,-0.33%
2016/8/11,2.714,2.733,2.733,2.713,-0.33%
2016/8/10,2.723,2.795,2.795,2.717,-1.41%
2016/8/9,2.762,2.808,2.808,2.748,-0.40%
2016/8/8,2.773,2.77,2.777,2.765,-0.32%
2016/8/6,2.782,2.782,2.782,2.782,0.00%
2016/8/5,2.782,2.81,2.81,2.782,-0.43%
2016/8/4,2.794,2.82,2.82,2.783,-0.07%
2016/8/3,2.796,2.803,2.82,2.793,0.00%
2016/8/2,2.796,2.807,2.807,2.796,-0.14%
2016/8/1,2.8,2.85,2.85,2.788,-0.18%
2016/7/29,2.805,2.833,2.838,2.798,-0.28%
2016/7/28,2.813,2.853,2.853,2.813,-0.21%
2016/7/27,2.819,2.843,2.843,2.81,-0.18%
2016/7/26,2.824,2.825,2.833,2.821,0.36%
2016/7/25,2.814,2.81,2.817,2.798,0.39%
2016/7/22,2.803,2.814,2.818,2.8,-0.39%
2016/7/21,2.814,2.868,2.868,2.812,-0.78%
2016/7/20,2.836,2.883,2.883,2.833,-0.46%
2016/7/19,2.849,2.856,2.873,2.849,-0.04%
2016/7/18,2.85,2.874,2.888,2.837,-0.25%
2016/7/15,2.857,2.874,2.888,2.856,-0.49%
2016/7/14,2.871,2.868,2.88,2.863,0.17%
2016/7/13,2.866,2.877,2.877,2.86,0.42%
2016/7/12,2.854,2.853,2.855,2.845,0.81%
2016/7/11,2.831,2.82,2.86,2.817,0.39%
2016/7/10,2.82,2.82,2.82,2.82,-0.18%
2016/7/8,2.825,2.838,2.863,2.82,-0.63%
2016/7/7,2.843,2.858,2.875,2.835,-0.59%
2016/7/6,2.86,2.869,2.872,2.858,0.03%
2016/7/5,2.859,2.849,2.859,2.849,0.81%
2016/7/4,2.836,2.82,2.84,2.807,0.57%
2016/7/3,2.82,2.82,2.82,2.82,-1.09%
2016/7/1,2.851,2.871,2.875,2.841,-0.83%
2016/6/30,2.875,2.886,2.888,2.867,-0.21%
2016/6/29,2.881,2.873,2.884,2.867,0.63%
2016/6/28,2.863,2.895,2.915,2.851,-1.38%
2016/6/27,2.903,2.9,2.903,2.825,-1.59%
2016/6/24,2.95,2.985,2.985,2.942,-0.20%
2016/6/23,2.956,2.967,2.97,2.95,-0.20%
2016/6/22,2.962,2.98,2.98,2.958,-0.20%
2016/6/21,2.968,2.983,2.983,2.966,0.07%
2016/6/20,2.966,2.96,2.97,2.953,0.00%
2016/6/17,2.966,2.993,2.993,2.966,-0.37%
2016/6/16,2.977,3.013,3.013,2.976,-0.73%
2016/6/15,2.999,3.032,3.032,2.99,-0.50%
2016/6/14,3.014,3.032,3.035,3.012,-0.43%
2016/6/13,3.027,3.037,3.037,3.022,-0.20%
2016/6/12,3.033,3.033,3.033,3.033,0.43%
2016/6/11,3.02,3.02,3.02,3.02,0.00%
2016/6/8,3.02,3.033,3.033,3.017,0.13%
2016/6/7,3.016,3.037,3.04,3.013,-0.53%
2016/6/6,3.032,3.02,3.035,3.002,-0.10%
2016/6/3,3.035,3.03,3.036,3.028,0.36%
2016/6/2,3.024,3.028,3.032,3.02,0.43%
2016/6/1,3.011,2.997,3.018,2.995,0.53%
2016/5/31,2.995,2.992,2.998,2.992,0.40%
2016/5/30,2.983,3,3,2.955,0.37%
2016/5/27,2.972,2.98,2.98,2.97,-0.03%
2016/5/26,2.973,2.985,2.987,2.969,-0.10%
2016/5/25,2.976,2.993,2.993,2.965,-0.20%
2016/5/24,2.982,2.99,2.99,2.973,0.17%
2016/5/23,2.977,3,3,2.95,-0.47%
2016/5/20,2.991,3.017,3.017,2.989,0.03%
2016/5/19,2.99,2.985,2.992,2.963,1.22%
2016/5/18,2.954,2.973,2.973,2.954,0.03%
2016/5/17,2.953,2.963,2.963,2.95,0.58%
2016/5/16,2.936,3,3,2.936,0.27%
2016/5/13,2.928,2.95,2.95,2.928,-0.14%
2016/5/12,2.932,2.937,2.94,2.932,0.14%
2016/5/11,2.928,2.933,2.935,2.928,0.58%
2016/5/10,2.911,2.947,2.947,2.909,-0.41%
2016/5/9,2.923,3,3,2.923,-0.24%
2016/5/6,2.93,2.96,2.96,2.93,0.10%
2016/5/5,2.927,2.96,2.96,2.927,0.03%
2016/5/4,2.926,2.97,2.97,2.926,-0.44%
2016/5/3,2.939,3,3,2.939,-0.24%
2016/4/29,2.946,2.977,2.977,2.946,-0.24%
2016/4/28,2.953,2.978,2.978,2.951,-0.24%
2016/4/27,2.96,2.985,2.985,2.96,-0.40%
2016/4/26,2.972,2.998,2.998,2.972,-0.03%
2016/4/25,2.973,3.02,3.03,2.97,0.37%
2016/4/22,2.962,2.98,2.98,2.962,-0.07%
2016/4/21,2.964,2.953,2.967,2.953,0.65%
2016/4/20,2.945,2.967,2.973,2.943,0.14%
2016/4/19,2.941,2.977,2.977,2.941,-0.07%
2016/4/18,2.943,2.97,2.97,2.94,-0.14%
2016/4/15,2.947,2.943,2.97,2.935,0.00%
2016/4/14,2.947,2.973,2.973,2.932,0.34%
2016/4/13,2.937,2.933,2.94,2.925,0.72%
2016/4/12,2.916,2.928,2.928,2.905,0.00%
2016/4/11,2.916,2.98,2.98,2.905,-0.65%
2016/4/8,2.935,2.92,2.939,2.913,0.72%
2016/4/7,2.914,2.94,2.94,2.91,0.14%
2016/4/6,2.91,2.913,2.913,2.903,0.66%
2016/4/5,2.891,2.91,2.91,2.873,0.07%
2016/4/4,2.889,2.889,2.889,2.889,0.00%
2016/4/1,2.889,2.91,2.91,2.889,0.10%
2016/3/31,2.886,2.937,2.937,2.882,-0.62%
2016/3/30,2.904,2.943,2.943,2.901,-0.51%
2016/3/29,2.919,2.93,2.93,2.909,0.52%
2016/3/28,2.904,2.93,2.93,2.898,0.24%
2016/3/25,2.897,2.92,2.92,2.89,-0.10%
2016/3/24,2.9,2.92,2.92,2.891,0.17%
2016/3/23,2.895,2.933,2.933,2.884,-0.07%
2016/3/22,2.897,2.907,2.907,2.888,0.59%
2016/3/21,2.88,2.95,2.95,2.88,-0.21%
2016/3/18,2.886,2.897,2.91,2.886,0.35%
2016/3/17,2.876,2.927,2.927,2.872,-0.59%
2016/3/16,2.893,2.93,2.93,2.893,0.00%
2016/3/15,2.893,2.907,2.91,2.893,-0.03%
2016/3/14,2.894,2.9,2.905,2.88,-0.52%
2016/3/11,2.909,2.95,2.95,2.909,-0.99%
2016/3/10,2.938,2.95,2.95,2.93,-0.41%
2016/3/9,2.95,2.953,2.963,2.946,-0.03%
2016/3/8,2.951,2.943,2.953,2.918,0.51%
2016/3/7,2.936,2.95,2.95,2.923,0.10%
2016/3/4,2.933,2.93,2.938,2.923,0.00%
2016/3/3,2.933,2.91,2.933,2.9,1.00%
2016/3/2,2.904,2.918,2.92,2.897,-0.21%
2016/3/1,2.91,2.905,2.913,2.9,0.03%
2016/2/29,2.909,2.91,2.93,2.888,-0.34%
2016/2/26,2.919,2.907,2.922,2.9,0.59%
2016/2/25,2.902,2.893,2.903,2.89,0.31%
2016/2/24,2.893,2.897,2.9,2.881,0.24%
2016/2/23,2.886,2.867,2.887,2.867,0.77%
2016/2/22,2.864,2.95,2.95,2.863,-0.24%
2016/2/19,2.871,2.88,2.88,2.863,0.00%
2016/2/18,2.871,2.893,2.893,2.864,0.00%
2016/2/17,2.871,2.883,2.897,2.866,-0.03%
2016/2/16,2.872,2.86,2.874,2.858,0.70%
2016/2/15,2.852,2.89,2.89,2.847,-1.01%
2016/2/14,2.881,2.87,2.885,2.87,-0.17%
2016/2/6,2.886,2.886,2.886,2.886,-0.21%
2016/2/5,2.892,2.933,2.933,2.891,-0.89%
2016/2/4,2.918,2.912,2.92,2.905,0.34%
2016/2/3,2.908,2.893,2.913,2.888,1.08%
2016/2/2,2.877,2.888,2.888,2.867,0.24%
2016/2/1,2.87,2.92,2.92,2.83,-1.34%
2016/1/29,2.909,2.94,2.94,2.903,-0.58%
2016/1/28,2.926,2.907,2.928,2.897,1.04%
2016/1/27,2.896,2.897,2.913,2.889,0.94%
2016/1/26,2.869,2.829,2.874,2.812,1.88%
2016/1/25,2.816,2.9,2.9,2.814,-0.04%
2016/1/22,2.817,2.818,2.819,2.795,-0.14%
2016/1/21,2.821,2.821,2.827,2.803,0.18%
2016/1/20,2.816,2.809,2.827,2.801,0.36%
2016/1/19,2.806,2.791,2.806,2.787,0.83%
2016/1/18,2.783,2.78,2.787,2.765,-0.18%
2016/1/15,2.788,2.76,2.789,2.76,1.01%
2016/1/14,2.76,2.83,2.83,2.754,-2.09%
2016/1/13,2.819,2.86,2.86,2.818,-0.98%
2016/1/12,2.847,2.867,2.87,2.84,-0.70%
2016/1/11,2.867,2.88,2.88,2.865,-0.55%
2016/1/10,2.883,2.883,2.883,2.883,0.00%
2016/1/8,2.883,2.917,2.917,2.88,-1.20%
2016/1/7,2.918,2.913,2.927,2.913,-0.03%
2016/1/6,2.919,2.92,2.924,2.915,0.31%
2016/1/5,2.91,2.887,2.92,2.887,1.68%
2016/1/4,2.862,2.85,2.915,2.85,0.00%
2015/12/31,2.862,2.857,2.867,2.857,0.70%
2015/12/30,2.842,2.843,2.85,2.84,0.32%
2015/12/29,2.833,2.843,2.843,2.828,-0.25%
2015/12/28,2.84,2.85,2.875,2.84,0.28%
2015/12/25,2.832,2.877,2.877,2.831,-1.36%
2015/12/24,2.871,2.883,2.887,2.86,-0.62%
2015/12/23,2.889,2.907,2.907,2.889,-0.79%
2015/12/22,2.912,2.973,2.973,2.897,-1.72%
2015/12/21,2.963,2.98,2.99,2.95,-1.56%
2015/12/18,3.01,3.037,3.037,2.997,-0.46%
2015/12/17,3.024,3.055,3.057,3.024,-0.75%
2015/12/16,3.047,3.07,3.07,3.047,-0.46%
2015/12/15,3.061,3.033,3.061,3.033,1.06%
2015/12/14,3.029,3.1,3.1,3.022,0.00%
2015/12/11,3.029,3.032,3.043,3.023,0.07%
2015/12/10,3.027,3.04,3.04,3.025,-0.26%
2015/12/9,3.035,3.067,3.067,3.035,-0.78%
2015/12/8,3.059,3.065,3.065,3.058,-0.07%
2015/12/7,3.061,3.06,3.09,3.06,-0.20%
2015/12/4,3.067,3.08,3.083,3.064,-0.36%
2015/12/3,3.078,3.1,3.1,3.078,-0.10%
2015/12/2,3.081,3.081,3.085,3.073,0.23%
2015/12/1,3.074,3.088,3.093,3.073,-0.45%
2015/11/30,3.088,3.09,3.12,3.085,0.00%
2015/11/27,3.088,3.12,3.123,3.084,-0.90%
2015/11/26,3.116,3.15,3.153,3.108,-0.76%
2015/11/25,3.14,3.158,3.163,3.136,-0.60%
2015/11/24,3.159,3.16,3.165,3.154,0.00%
2015/11/23,3.159,3.2,3.2,3.157,-0.28%
2015/11/22,3.168,3.168,3.168,3.168,0.00%
2015/11/20,3.168,3.183,3.183,3.167,-0.19%
2015/11/19,3.174,3.17,3.178,3.17,0.35%
2015/11/18,3.163,3.17,3.177,3.161,-0.19%
2015/11/17,3.169,3.165,3.17,3.162,0.25%
2015/11/16,3.161,3.16,3.165,3.155,-1.06%
2015/11/13,3.195,3.177,3.197,3.17,0.25%
2015/11/12,3.187,3.218,3.218,3.168,-1.21%
2015/11/11,3.226,3.25,3.25,3.226,-0.68%
2015/11/10,3.248,3.167,3.257,3.167,2.82%
2015/11/9,3.159,3.18,3.18,3.157,0.22%
2015/11/6,3.152,3.173,3.173,3.15,-0.28%
2015/11/5,3.161,3.138,3.173,3.133,1.48%
2015/11/4,3.115,3.09,3.115,3.09,0.97%
2015/11/3,3.085,3.1,3.1,3.084,-0.23%
2015/11/2,3.092,3.1,3.103,3.091,0.16%
2015/10/30,3.087,3.048,3.09,3.048,2.25%
2015/10/29,3.019,3.017,3.023,3.017,0.27%
2015/10/28,3.011,3.043,3.043,3,-0.92%
2015/10/27,3.039,3.083,3.083,3.038,-1.11%
2015/10/26,3.073,3.05,3.073,3.05,-0.23%
2015/10/23,3.08,3.093,3.093,3.07,-0.29%
2015/10/22,3.089,3.09,3.097,3.075,-0.03%
2015/10/21,3.09,3.15,3.15,3.09,-1.72%
2015/10/20,3.144,3.153,3.158,3.143,-0.19%
2015/10/19,3.15,3.2,3.2,3.15,1.12%
2015/10/18,3.115,3.115,3.115,3.115,0.00%
2015/10/16,3.115,3.097,3.123,3.094,1.30%
2015/10/15,3.075,3.13,3.13,3.074,-1.88%
2015/10/14,3.134,3.177,3.177,3.1,-1.54%
2015/10/13,3.183,3.198,3.198,3.177,-0.28%
2015/10/12,3.192,3.2,3.2,3.187,0.38%
2015/10/10,3.18,3.18,3.18,3.18,-2.54%
2015/10/9,3.263,3.28,3.28,3.234,-0.03%
2015/10/8,3.264,3.3,3.3,3.263,-0.37%
2015/10/3,3.276,3.276,3.276,3.276,0.00%
2015/9/30,3.276,3.32,3.32,3.272,-1.24%
2015/9/29,3.317,3.347,3.347,3.308,-0.69%
2015/9/28,3.34,3.38,3.38,3.337,-0.21%
2015/9/27,3.347,3.347,3.347,3.347,0.00%
2015/9/25,3.347,3.368,3.368,3.346,-0.48%
2015/9/24,3.363,3.36,3.367,3.353,0.45%
2015/9/23,3.348,3.36,3.36,3.346,-0.18%
2015/9/22,3.354,3.347,3.354,3.343,0.33%
2015/9/21,3.343,3.37,3.37,3.34,-0.24%
2015/9/18,3.351,3.355,3.36,3.347,0.21%
2015/9/17,3.344,3.357,3.357,3.337,0.09%
2015/9/16,3.341,3.358,3.358,3.333,-0.54%
2015/9/15,3.359,3.383,3.383,3.348,-0.06%
2015/9/14,3.361,3.4,3.4,3.36,-0.36%
2015/9/11,3.373,3.39,3.39,3.37,-0.09%
2015/9/10,3.376,3.39,3.393,3.368,-0.38%
2015/9/9,3.389,3.383,3.39,3.372,0.68%
2015/9/8,3.366,3.363,3.389,3.363,0.36%
2015/9/7,3.354,3.34,3.354,3.339,0.60%
2015/9/6,3.334,3.334,3.334,3.334,0.03%
2015/9/5,3.333,3.333,3.333,3.333,0.00%
2015/9/2,3.333,3.36,3.36,3.33,-0.60%
2015/9/1,3.353,3.407,3.407,3.342,-1.21%
2015/8/31,3.394,3.43,3.43,3.378,-0.64%
2015/8/28,3.416,3.437,3.443,3.406,-1.07%
2015/8/27,3.453,3.497,3.497,3.444,-0.78%
2015/8/26,3.48,3.493,3.493,3.467,-0.54%
2015/8/25,3.499,3.513,3.513,3.492,-0.68%
2015/8/24,3.523,3.57,3.57,3.512,-0.42%
2015/8/21,3.538,3.56,3.56,3.533,-0.23%
2015/8/20,3.546,3.56,3.56,3.543,0.34%
2015/8/19,3.534,3.568,3.568,3.534,-0.39%
2015/8/18,3.548,3.56,3.56,3.545,0.28%
2015/8/17,3.538,3.545,3.55,3.537,-0.08%
2015/8/14,3.541,3.573,3.573,3.532,-0.65%
2015/8/13,3.564,3.557,3.567,3.555,0.17%
2015/8/12,3.558,3.51,3.564,3.51,1.37%
2015/8/11,3.51,3.505,3.514,3.493,0.66%
2015/8/10,3.487,3.52,3.52,3.478,-0.09%
2015/8/7,3.49,3.503,3.503,3.479,-0.29%
2015/8/6,3.5,3.513,3.513,3.495,0.06%
2015/8/5,3.498,3.507,3.507,3.496,0.03%
2015/8/4,3.497,3.51,3.512,3.495,-0.20%
2015/8/3,3.504,3.53,3.53,3.5,0.86%
2015/7/31,3.474,3.463,3.48,3.46,0.49%
2015/7/30,3.457,3.48,3.48,3.453,-0.29%
2015/7/29,3.467,3.493,3.493,3.462,-0.49%
2015/7/28,3.484,3.503,3.503,3.48,0.00%
2015/7/27,3.484,3.5,3.505,3.48,-0.49%
2015/7/24,3.501,3.548,3.548,3.5,-1.02%
2015/7/23,3.537,3.547,3.557,3.521,-0.20%
2015/7/22,3.544,3.543,3.547,3.533,0.43%
2015/7/21,3.529,3.54,3.54,3.525,-0.25%
2015/7/20,3.538,3.57,3.57,3.525,-0.23%
2015/7/18,3.546,3.546,3.546,3.546,0.00%
2015/7/17,3.546,3.583,3.583,3.544,-0.53%
2015/7/16,3.565,3.568,3.58,3.553,0.11%
2015/7/15,3.561,3.55,3.573,3.55,0.79%
2015/7/14,3.533,3.527,3.548,3.523,1.17%
2015/7/13,3.492,3.53,3.55,3.485,0.55%
2015/7/10,3.473,3.475,3.48,3.472,0.29%
2015/7/9,3.463,3.487,3.487,3.453,-0.26%
2015/7/8,3.472,3.488,3.49,3.443,-1.11%
2015/7/7,3.511,3.582,3.585,3.49,-2.20%
2015/7/6,3.59,3.63,3.63,3.55,-1.48%
2015/7/3,3.644,3.65,3.653,3.623,0.11%
2015/7/2,3.64,3.63,3.64,3.629,0.36%
2015/7/1,3.627,3.638,3.638,3.624,-0.06%
2015/6/30,3.629,3.64,3.64,3.623,-0.14%
2015/6/29,3.634,3.6,3.64,3.58,0.11%
2015/6/26,3.63,3.645,3.645,3.623,-0.17%
2015/6/25,3.636,3.643,3.643,3.623,0.14%
2015/6/24,3.631,3.625,3.632,3.623,0.50%
2015/6/23,3.613,3.62,3.64,3.61,0.44%
2015/6/19,3.597,3.623,3.623,3.59,-0.80%
2015/6/18,3.626,3.632,3.645,3.607,0.00%
2015/6/17,3.626,3.67,3.67,3.621,-0.87%
2015/6/16,3.658,3.665,3.676,3.645,0.00%
2015/6/15,3.658,3.63,3.667,3.63,0.41%
2015/6/12,3.643,3.638,3.649,3.623,0.66%
2015/6/11,3.619,3.6,3.623,3.6,0.81%
2015/6/10,3.59,3.593,3.6,3.586,0.00%
2015/6/9,3.59,3.623,3.623,3.58,-0.50%
2015/6/8,3.608,3.66,3.66,3.588,-0.11%
2015/6/7,3.612,3.612,3.612,3.612,0.00%
2015/6/5,3.612,3.64,3.64,3.607,-0.50%
2015/6/4,3.63,3.63,3.64,3.614,0.28%
2015/6/3,3.62,3.66,3.66,3.61,-1.31%
2015/6/2,3.668,3.657,3.668,3.628,0.94%
2015/6/1,3.634,3.65,3.65,3.623,1.20%
2015/5/30,3.591,3.591,3.591,3.591,0.00%
2015/5/29,3.591,3.578,3.608,3.558,1.18%
2015/5/28,3.549,3.56,3.565,3.54,0.00%
2015/5/27,3.549,3.495,3.55,3.485,2.22%
2015/5/26,3.472,3.468,3.474,3.455,0.35%
2015/5/25,3.46,3.52,3.52,3.445,0.23%
2015/5/22,3.452,3.467,3.467,3.447,-0.23%
2015/5/21,3.46,3.475,3.475,3.45,-0.09%
2015/5/20,3.463,3.458,3.463,3.445,0.49%
2015/5/19,3.446,3.435,3.449,3.427,0.67%
2015/5/18,3.423,3.44,3.445,3.413,0.26%
2015/5/15,3.414,3.44,3.443,3.414,-0.58%
2015/5/14,3.434,3.435,3.437,3.423,0.09%
2015/5/13,3.431,3.43,3.437,3.427,0.44%
2015/5/12,3.416,3.435,3.447,3.415,-0.20%
2015/5/11,3.423,3.4,3.454,3.4,-0.81%
2015/5/8,3.451,3.49,3.49,3.433,-0.46%
2015/5/7,3.467,3.458,3.493,3.445,1.14%
2015/5/6,3.428,3.438,3.453,3.421,0.59%
2015/5/5,3.408,3.403,3.427,3.39,0.47%
2015/5/4,3.392,3.43,3.43,3.385,-0.88%
2015/4/30,3.422,3.445,3.445,3.413,0.12%
2015/4/29,3.418,3.458,3.458,3.416,-0.44%
2015/4/28,3.433,3.47,3.47,3.427,-0.87%
2015/4/27,3.463,3.55,3.55,3.46,0.20%
2015/4/24,3.456,3.468,3.483,3.456,0.35%
2015/4/23,3.444,3.468,3.47,3.442,0.15%
2015/4/22,3.439,3.495,3.495,3.435,-1.29%
2015/4/21,3.484,3.577,3.577,3.463,-2.65%
2015/4/20,3.579,3.55,3.579,3.54,-0.08%
2015/4/17,3.582,3.637,3.637,3.581,-0.89%
2015/4/16,3.614,3.673,3.673,3.614,-1.18%
2015/4/15,3.657,3.688,3.688,3.637,-0.79%
2015/4/14,3.686,3.72,3.72,3.677,-0.54%
2015/4/13,3.706,3.73,3.75,3.705,-0.40%
2015/4/10,3.721,3.738,3.738,3.721,0.43%
2015/4/9,3.705,3.62,3.713,3.62,2.18%
2015/4/8,3.626,3.62,3.655,3.61,0.69%
2015/4/7,3.601,3.65,3.65,3.57,0.31%
2015/4/6,3.59,3.59,3.59,3.59,0.36%
2015/4/3,3.577,3.625,3.625,3.571,-1.27%
2015/4/2,3.623,3.673,3.673,3.617,-1.06%
2015/4/1,3.662,3.62,3.669,3.62,1.08%
2015/3/31,3.623,3.622,3.637,3.613,0.75%
2015/3/30,3.596,3.65,3.65,3.588,0.95%
2015/3/27,3.562,3.568,3.583,3.555,0.85%
2015/3/26,3.532,3.53,3.548,3.518,0.63%
2015/3/25,3.51,3.552,3.552,3.498,-0.23%
2015/3/24,3.518,3.555,3.555,3.512,-0.11%
2015/3/23,3.522,3.55,3.56,3.503,-0.68%
2015/3/20,3.546,3.573,3.573,3.536,-0.45%
2015/3/19,3.562,3.573,3.573,3.556,0.14%
2015/3/18,3.557,3.558,3.56,3.54,0.65%
2015/3/17,3.534,3.543,3.563,3.533,0.86%
2015/3/16,3.504,3.55,3.55,3.49,0.95%
2015/3/13,3.471,3.5,3.5,3.463,0.12%
2015/3/12,3.467,3.535,3.535,3.46,-1.67%
2015/3/11,3.526,3.518,3.53,3.513,0.26%
2015/3/10,3.517,3.497,3.525,3.497,0.83%
2015/3/9,3.488,3.53,3.53,3.485,0.52%
2015/3/7,3.47,3.484,3.497,3.47,-0.40%
2015/3/6,3.484,3.465,3.51,3.465,0.81%
2015/3/5,3.456,3.445,3.463,3.445,0.61%
2015/3/4,3.435,3.429,3.444,3.417,0.73%
2015/3/3,3.41,3.396,3.429,3.396,0.83%
2015/3/2,3.382,3.4,3.405,3.34,0.09%
2015/2/28,3.379,3.375,3.395,3.375,0.12%
2015/2/27,3.375,3.37,3.391,3.37,0.45%
2015/2/26,3.36,3.377,3.377,3.355,0.27%
2015/2/25,3.351,3.37,3.37,3.335,-0.21%
2015/2/19,3.358,3.358,3.358,3.358,0.00%
2015/2/17,3.358,3.387,3.387,3.358,-0.59%
2015/2/16,3.378,3.39,3.39,3.378,-0.06%
2015/2/15,3.38,3.38,3.38,3.38,-0.68%
2015/2/13,3.403,3.414,3.416,3.401,-0.18%
2015/2/12,3.409,3.443,3.443,3.408,-0.81%
2015/2/11,3.437,3.45,3.453,3.427,-0.12%
2015/2/10,3.441,3.465,3.465,3.439,-0.38%
2015/2/9,3.454,3.47,3.47,3.42,0.38%
2015/2/6,3.441,3.483,3.483,3.439,-0.86%
2015/2/5,3.471,3.48,3.48,3.448,-0.12%
2015/2/4,3.475,3.503,3.503,3.47,-0.29%
2015/2/3,3.485,3.52,3.52,3.483,-0.46%
2015/2/2,3.501,3.53,3.54,3.501,-0.37%
2015/2/1,3.514,3.514,3.514,3.514,0.00%
2015/1/30,3.514,3.524,3.525,3.507,0.40%
2015/1/29,3.5,3.483,3.514,3.47,0.86%
2015/1/28,3.47,3.473,3.483,3.463,0.23%
2015/1/27,3.462,3.462,3.477,3.448,-0.17%
2015/1/26,3.468,3.47,3.5,3.448,-0.12%
2015/1/23,3.472,3.483,3.493,3.46,-0.34%
2015/1/22,3.484,3.501,3.501,3.48,-0.20%
2015/1/21,3.491,3.491,3.5,3.487,-0.26%
2015/1/20,3.5,3.522,3.522,3.498,-0.65%
2015/1/19,3.523,3.55,3.55,3.478,-1.12%
2015/1/16,3.563,3.567,3.583,3.557,-0.20%
2015/1/15,3.57,3.6,3.6,3.567,-0.67%
2015/1/14,3.594,3.653,3.653,3.585,-1.67%
2015/1/13,3.655,3.661,3.662,3.643,-0.11%
2015/1/12,3.659,3.7,3.7,3.645,-0.05%
2015/1/9,3.661,3.665,3.67,3.661,-0.05%
2015/1/8,3.663,3.67,3.676,3.663,0.14%
2015/1/7,3.658,3.673,3.673,3.655,0.11%
2015/1/6,3.654,3.66,3.663,3.65,0.19%
2015/1/5,3.647,3.657,3.66,3.647,-0.08%
2015/1/4,3.65,3.65,3.65,3.65,0.05%
2015/1/1,3.648,3.648,3.648,3.648,0.00%
